ID,authors,title,year,Group,class,species,biome,study_site,country,main_interest,aim,model,patch_definition,no_patches,tot_extent,tot_patch_area,mean_patch_area,median_patch_area,max_patch_area,area_unit,total_time_study,metapop_status,predictive_adequacy
1,Sjorgen P,Extinction and isolation gradients in metapopulations: the case of the pool frog (Rana lessonae),1991,Amphibian,Amphibia,Rana lessonae,Temperate broadleaf and mixed forests,east-central Sweden,Sweden,C,To evaluate the relative importance of demographic and genetic factors in the local extinctions,Author's,ponds,7,NA,NA,NA,NA,NA,ha,NA,1,3
2,Hanski I,Dynamics of Small Mammals on Islands,1993,Mammal,Mammalia,Sorex cinereus,Temperate broadleaf and mixed forests,Northwestern Lake Huron; USA,USA,A,To highlight the several components of immigration potential of species and to demonstrate the use of occupancy data to estimate the rates of colonization and extinct,IFM,islands in Lake Huron ,40,NA,NA,NA,NA,NA,ha,NA,1,1
3,Hanski I,Dynamics of Small Mammals on Islands,1993,Mammal,Mammalia,Tamiasciurus hudsonicus,Temperate broadleaf and mixed forests,Northwestern Lake Huron; USA,USA,A,To highlight the several components of immigration potential of species and to demonstrate the use of occupancy data to estimate the rates of colonization and extinct,IFM,islands in Lake Huron ,40,NA,NA,NA,NA,NA,ha,NA,1,1
4,Hanski I,A Practical Model of Metapopulation Dynamics ,1994,Butterfly,Insecta,Hesperia comma,Temperate broadleaf and mixed forests,North and South Downs,England,A,To describe the IFM and fit it to three butterfly species metapopulations ,IFM,habitat patches as separate one another if they were divided by any continuous barrier of woodland or scrub or by at least 25 m of unsuitable grassland,64,1019500,60.16,0.94,NA,5.11,ha,2,1,1
5,Hanski I,A Practical Model of Metapopulation Dynamics ,1994,Butterfly,Insecta,Melitaea cinxia,Temperate broadleaf and mixed forests,Aland Islands,Finland,A,To describe the IFM and fit it to three butterfly species metapopulations ,IFM,reference to other source,50,NA,20.5,0.41,NA,2.84,ha,NA,1,1
6,Hanski I,A Practical Model of Metapopulation Dynamics ,1994,Butterfly,Insecta,Scolitantides orion,Temperate broadleaf and mixed forests,Aland Islands,Finland,A,To describe the IFM and fit it to three butterfly species metapopulations ,IFM,reference to other source,70,NA,7,0.1,NA,0.4,ha,NA,1,1
7,Hanski I; Pakkala T; Kuussaari M; Lei G ,Metapopulation Persistence of an Endangered Butterfly in a Fragmented Landscape,1995,Butterfly,Insecta,Melitaea cinxia,Temperate broadleaf and mixed forests,Aland Islands,Finland,C,To describe a extensive study that supports the persistence of the Glanville fritillary as a metapopulation,IFM,dry meadows with the larval host plants Plantago lanceolata and Veronica spicata and >25m^2,50,350000,6.5,0.13,NA,6.8,ha,3,2,2;3
8,Hanski I; Moilanen A; Pakkala T; Kuussaari M,The Quantitative Incidence Function Model and Persistence of an Endangered Butterfly Metapopulation,1996,Butterfly,Insecta,Melitaea cinxia,Temperate broadleaf and mixed forests,Aland Islands,Finland,A,To test the ability of the IFM to predict the patch occupancy of the metapopulation of M. cinxia ,IFM,occurrence of host plants and > 25 m^2 (some exceptions),50,350000,NA,NA,NA,6.8,ha,NA,1,2;3
9,Wahlberg N; Moilanen A; Hanski I ,Predicting the Occurrence of Endangered Species in Fragmented Landscapes,1996,Butterfly,Insecta,Hesperia comma,Temperate broadleaf and mixed forests,NA,NA,D,"To assess the predictive power of the IFM parameters of a well known species on to predict the distribution of an endangered congeneric species
",IFM,reference to other source,NA,NA,NA,NA,NA,NA,ha,NA,2,2
10,Wahlberg N; Moilanen A; Hanski I ,Predicting the Occurrence of Endangered Species in Fragmented Landscapes,1996,Butterfly,Insecta,Melitaea cinxia,Temperate broadleaf and mixed forests,Aland Islands,Finland,D,"To assess the predictive power of the IFM parameters of a well known species on to predict the distribution of an endangered congeneric species
",IFM,NA,50,NA,NA,NA,NA,NA,ha,NA,2,2
11,Wahlberg N; Moilanen A; Hanski I ,Predicting the Occurrence of Endangered Species in Fragmented Landscapes,1996,Butterfly,Insecta,Melitaea diamina,Boreal forests/Taiga,Tampere region,Finland,D,"To assess the predictive power of the IFM parameters of a well known species on to predict the distribution of an endangered congeneric species
",IFM,reference to other source,94,600,NA,NA,NA,NA,ha,NA,2,2
12,Wahlberg N; Moilanen A; Hanski I ,Predicting the Occurrence of Endangered Species in Fragmented Landscapes,1996,Butterfly,Insecta,Scolitantides orion,Temperate broadleaf and mixed forests,NA,NA,D,"To assess the predictive power of the IFM parameters of a well known species on to predict the distribution of an endangered congeneric species
",IFM,reference to other source,NA,NA,NA,NA,NA,NA,ha,NA,2,2
13,Quintana-Ascencio PF; Menges ES,Inferring Metapopulation Dynamics from Patch-Level Incidence of Florida Scrub Plants,1996,Plant,Angiospermae,Eryngium cuneifolium,Temperate Grasslands; Savannas and Shrublands,Archbold Biological Station; South Central Florida ,USA,C,To analyse the incidence of plant species across 89 patches of a distinct community in a shrub dominated landscape,IFM,rosmary scrub patches,89,2000,38.9,NA,NA,3.6,ha,3,2,3
14,Quintana-Ascencio PF; Menges ES,Inferring Metapopulation Dynamics from Patch-Level Incidence of Florida Scrub Plants,1996,Plant,Angiospermae,Trichostema dichotomum,Temperate Grasslands; Savannas and Shrublands,Archbold Biological Station; South Central Florida ,USA,C,To analyse the incidence of plant species across 89 patches of a distinct community in a shrub dominated landscape,IFM,rosmary scrub patches,89,2000,38.9,NA,NA,3.6,ha,3,2,3
15,Quintana-Ascencio PF; Menges ES,Inferring Metapopulation Dynamics from Patch-Level Incidence of Florida Scrub Plants,1996,Plant,Angiospermae,Polygonella robusta,Temperate Grasslands; Savannas and Shrublands,Archbold Biological Station; South Central Florida ,USA,C,To analyse the incidence of plant species across 89 patches of a distinct community in a shrub dominated landscape,IFM,rosmary scrub patches,89,2000,38.9,NA,NA,3.6,ha,3,2,3
16,Quintana-Ascencio PF; Menges ES,Inferring Metapopulation Dynamics from Patch-Level Incidence of Florida Scrub Plants,1996,Plant,Angiospermae,Polanisia tenuifolia,Temperate Grasslands; Savannas and Shrublands,Archbold Biological Station; South Central Florida ,USA,C,To analyse the incidence of plant species across 89 patches of a distinct community in a shrub dominated landscape,IFM,rosmary scrub patches,89,2000,38.9,NA,NA,3.6,ha,3,2,3
17,Quintana-Ascencio PF; Menges ES,Inferring Metapopulation Dynamics from Patch-Level Incidence of Florida Scrub Plants,1996,Plant,Angiospermae,Calamintha ashei,Temperate Grasslands; Savannas and Shrublands,Archbold Biological Station; South Central Florida ,USA,C,To analyse the incidence of plant species across 89 patches of a distinct community in a shrub dominated landscape,IFM,rosmary scrub patches,89,2000,38.9,NA,NA,3.6,ha,3,2,3
18,Quintana-Ascencio PF; Menges ES,Inferring Metapopulation Dynamics from Patch-Level Incidence of Florida Scrub Plants,1996,Lichen,Lecanoromycetes,Cladonia prostrata,Temperate Grasslands; Savannas and Shrublands,Archbold Biological Station; South Central Florida ,USA,C,To analyse the incidence of plant species across 89 patches of a distinct community in a shrub dominated landscape,IFM,rosmary scrub patches,89,2000,38.9,NA,NA,3.6,ha,3,2,3
19,Quintana-Ascencio PF; Menges ES,Inferring Metapopulation Dynamics from Patch-Level Incidence of Florida Scrub Plants,1996,Plant,Angiospermae,Bumelia tenax,Temperate Grasslands; Savannas and Shrublands,Archbold Biological Station; South Central Florida ,USA,C,To analyse the incidence of plant species across 89 patches of a distinct community in a shrub dominated landscape,IFM,rosmary scrub patches,89,2000,38.9,NA,NA,3.6,ha,3,2,3
20,Quintana-Ascencio PF; Menges ES,Inferring Metapopulation Dynamics from Patch-Level Incidence of Florida Scrub Plants,1996,Plant,Angiospermae,Liatris ohlingerae,Temperate Grasslands; Savannas and Shrublands,Archbold Biological Station; South Central Florida ,USA,C,To analyse the incidence of plant species across 89 patches of a distinct community in a shrub dominated landscape,IFM,rosmary scrub patches,89,2000,38.9,NA,NA,3.6,ha,3,2,3
21,Quintana-Ascencio PF; Menges ES,Inferring Metapopulation Dynamics from Patch-Level Incidence of Florida Scrub Plants,1996,Plant,Angiospermae,Hypericum cumulicola,Temperate Grasslands; Savannas and Shrublands,Archbold Biological Station; South Central Florida ,USA,C,To analyse the incidence of plant species across 89 patches of a distinct community in a shrub dominated landscape,IFM,rosmary scrub patches,89,2000,38.9,NA,NA,3.6,ha,3,2,3
22,Quintana-Ascencio PF; Menges ES,Inferring Metapopulation Dynamics from Patch-Level Incidence of Florida Scrub Plants,1996,Plant,Angiospermae,Polygonella basiramia,Temperate Grasslands; Savannas and Shrublands,Archbold Biological Station; South Central Florida ,USA,C,To analyse the incidence of plant species across 89 patches of a distinct community in a shrub dominated landscape,IFM,rosmary scrub patches,89,2000,38.9,NA,NA,3.6,ha,3,2,3
23,Quintana-Ascencio PF; Menges ES,Inferring Metapopulation Dynamics from Patch-Level Incidence of Florida Scrub Plants,1996,Plant,Angiospermae,Asclepias pedicellata,Temperate Grasslands; Savannas and Shrublands,Archbold Biological Station; South Central Florida ,USA,C,To analyse the incidence of plant species across 89 patches of a distinct community in a shrub dominated landscape,IFM,rosmary scrub patches,89,2000,38.9,NA,NA,3.6,ha,3,2,3
24,Quintana-Ascencio PF; Menges ES,Inferring Metapopulation Dynamics from Patch-Level Incidence of Florida Scrub Plants,1996,Plant,Pinopsida,Pinus elliottii var densa,Temperate Grasslands; Savannas and Shrublands,Archbold Biological Station; South Central Florida ,USA,C,To analyse the incidence of plant species across 89 patches of a distinct community in a shrub dominated landscape,IFM,rosmary scrub patches,89,2000,38.9,NA,NA,3.6,ha,3,2,3
25,Quintana-Ascencio PF; Menges ES,Inferring Metapopulation Dynamics from Patch-Level Incidence of Florida Scrub Plants,1996,Plant,Angiospermae,Ilex opaca var arenicola,Temperate Grasslands; Savannas and Shrublands,Archbold Biological Station; South Central Florida ,USA,C,To analyse the incidence of plant species across 89 patches of a distinct community in a shrub dominated landscape,IFM,rosmary scrub patches,89,2000,38.9,NA,NA,3.6,ha,3,2,3
26,Quintana-Ascencio PF; Menges ES,Inferring Metapopulation Dynamics from Patch-Level Incidence of Florida Scrub Plants,1996,Plant,Angiospermae,Rhynchospora megalocarpa,Temperate Grasslands; Savannas and Shrublands,Archbold Biological Station; South Central Florida ,USA,C,To analyse the incidence of plant species across 89 patches of a distinct community in a shrub dominated landscape,IFM,rosmary scrub patches,89,2000,38.9,NA,NA,3.6,ha,3,2,3
27,Quintana-Ascencio PF; Menges ES,Inferring Metapopulation Dynamics from Patch-Level Incidence of Florida Scrub Plants,1996,Plant,Angiospermae,Commelina erecta,Temperate Grasslands; Savannas and Shrublands,Archbold Biological Station; South Central Florida ,USA,C,To analyse the incidence of plant species across 89 patches of a distinct community in a shrub dominated landscape,IFM,rosmary scrub patches,89,2000,38.9,NA,NA,3.6,ha,3,2,3
28,Quintana-Ascencio PF; Menges ES,Inferring Metapopulation Dynamics from Patch-Level Incidence of Florida Scrub Plants,1996,Plant,Angiospermae,Tillandsia recurvata,Temperate Grasslands; Savannas and Shrublands,Archbold Biological Station; South Central Florida ,USA,C,To analyse the incidence of plant species across 89 patches of a distinct community in a shrub dominated landscape,IFM,rosmary scrub patches,89,2000,38.9,NA,NA,3.6,ha,3,2,3
29,Quintana-Ascencio PF; Menges ES,Inferring Metapopulation Dynamics from Patch-Level Incidence of Florida Scrub Plants,1996,Plant,Angiospermae,Tradescantia roseolens,Temperate Grasslands; Savannas and Shrublands,Archbold Biological Station; South Central Florida ,USA,C,To analyse the incidence of plant species across 89 patches of a distinct community in a shrub dominated landscape,IFM,rosmary scrub patches,89,2000,38.9,NA,NA,3.6,ha,3,2,3
30,Quintana-Ascencio PF; Menges ES,Inferring Metapopulation Dynamics from Patch-Level Incidence of Florida Scrub Plants,1996,Plant,Angiospermae,Sisyrinchium solstitiale,Temperate Grasslands; Savannas and Shrublands,Archbold Biological Station; South Central Florida ,USA,C,To analyse the incidence of plant species across 89 patches of a distinct community in a shrub dominated landscape,IFM,rosmary scrub patches,89,2000,38.9,NA,NA,3.6,ha,3,2,3
31,Quintana-Ascencio PF; Menges ES,Inferring Metapopulation Dynamics from Patch-Level Incidence of Florida Scrub Plants,1996,Plant,Angiospermae,Balduina angustifolia,Temperate Grasslands; Savannas and Shrublands,Archbold Biological Station; South Central Florida ,USA,C,To analyse the incidence of plant species across 89 patches of a distinct community in a shrub dominated landscape,IFM,rosmary scrub patches,89,2000,38.9,NA,NA,3.6,ha,3,2,3
32,Quintana-Ascencio PF; Menges ES,Inferring Metapopulation Dynamics from Patch-Level Incidence of Florida Scrub Plants,1996,Plant,Angiospermae,Galactia regularis,Temperate Grasslands; Savannas and Shrublands,Archbold Biological Station; South Central Florida ,USA,C,To analyse the incidence of plant species across 89 patches of a distinct community in a shrub dominated landscape,IFM,rosmary scrub patches,89,2000,38.9,NA,NA,3.6,ha,3,2,3
33,Quintana-Ascencio PF; Menges ES,Inferring Metapopulation Dynamics from Patch-Level Incidence of Florida Scrub Plants,1996,Plant,Angiospermae,Lyonia fruticosa,Temperate Grasslands; Savannas and Shrublands,Archbold Biological Station; South Central Florida ,USA,C,To analyse the incidence of plant species across 89 patches of a distinct community in a shrub dominated landscape,IFM,rosmary scrub patches,89,2000,38.9,NA,NA,3.6,ha,3,2,3
34,Quintana-Ascencio PF; Menges ES,Inferring Metapopulation Dynamics from Patch-Level Incidence of Florida Scrub Plants,1996,Plant,Angiospermae,Persea humilis,Temperate Grasslands; Savannas and Shrublands,Archbold Biological Station; South Central Florida ,USA,C,To analyse the incidence of plant species across 89 patches of a distinct community in a shrub dominated landscape,IFM,rosmary scrub patches,89,2000,38.9,NA,NA,3.6,ha,3,2,3
35,Quintana-Ascencio PF; Menges ES,Inferring Metapopulation Dynamics from Patch-Level Incidence of Florida Scrub Plants,1996,Plant,Pinopsida,Pinus clausa,Temperate Grasslands; Savannas and Shrublands,Archbold Biological Station; South Central Florida ,USA,C,To analyse the incidence of plant species across 89 patches of a distinct community in a shrub dominated landscape,IFM,rosmary scrub patches,89,2000,38.9,NA,NA,3.6,ha,3,2,3
36,Quintana-Ascencio PF; Menges ES,Inferring Metapopulation Dynamics from Patch-Level Incidence of Florida Scrub Plants,1996,Plant,Angiospermae,Chapmannia floridana,Temperate Grasslands; Savannas and Shrublands,Archbold Biological Station; South Central Florida ,USA,C,To analyse the incidence of plant species across 89 patches of a distinct community in a shrub dominated landscape,IFM,rosmary scrub patches,89,2000,38.9,NA,NA,3.6,ha,3,2,3
37,Quintana-Ascencio PF; Menges ES,Inferring Metapopulation Dynamics from Patch-Level Incidence of Florida Scrub Plants,1996,Plant,Angiospermae,Opuntia humifusa,Temperate Grasslands; Savannas and Shrublands,Archbold Biological Station; South Central Florida ,USA,C,To analyse the incidence of plant species across 89 patches of a distinct community in a shrub dominated landscape,IFM,rosmary scrub patches,89,2000,38.9,NA,NA,3.6,ha,3,2,3
38,Appelt M; Poethke HJ,Metapopulation dynamics in a regional population of the blue-winged grasshopper ,1997,Grasshopper,Insecta,Oedipoda caerulescens,Temperate broadleaf and mixed forests,Northwestern Halle,Germany,C,To test whether the recorded presence–absence pattern may be explained by extinction–recolonization dynamics.,IFM,Thymo Festucetum plant associations,312,5625,NA,NA,NA,1.5,ha,2,2,3
39,Hanski I,Connecting the Parameters of Local Extinction and Metapopulation dynamics,1998,Mammal,Mammalia,Ochotona princeps,Temperate Conifer Forests,Bodie; MonoCounty; California,USA,B,To explore the correspondence between the parameters of an extinction model analysed by Lande; Foley and Middleton et al. and the parameters of the incidence function model of metapopulation dynamics,IFM,broken rock landforms,76,12000,NA,NA,NA,350,m,22,1,1
40,Hanski I,Connecting the Parameters of Local Extinction and Metapopulation dynamics,1998,Mammal,Mammalia,Sorex araneus,Boreal forests/Taiga,Lakes Koitere and Sysma,Finland,B,To explore the correspondence between the parameters of an extinction model analysed by Lande; Foley and Middleton et al. and the parameters of the incidence function model of metapopulation dynamics,IFM,islands in lake Sysmd,68,NA,NA,NA,NA,NA,ha,NA,1,1
41,Hanski I,Connecting the Parameters of Local Extinction and Metapopulation dynamics,1998,Mammal,Mammalia,Sorex cinereus,Temperate broadleaf and mixed forests,Northwestern Lake Huron; USA,USA,B,To explore the correspondence between the parameters of an extinction model analysed by Lande; Foley and Middleton et al. and the parameters of the incidence function model of metapopulation dynamics,IFM,islands in Lake Huron ,40,NA,NA,NA,NA,NA,ha,NA,1,1
42,Moilanen A; Hanski I ,Metapopulation Dynamics: Effects of Habitat Quality and Landscape Structure ,1998,Butterfly,Insecta,Melitaea cinxia,Temperate broadleaf and mixed forests,Aland Islands,Finland,A,To demonstrate how to include the effects of habitat quality and landscape structure to the IFM,IFM+,small dry meadows with the larval host plants Plantago lanceolata and Veronica spicata,1264,66240,NA,NA,0.03,6,ha,3,1,3
43,Moilanen A; Hanski I; Smith AT,Long-Term Dynamics in a Metapopulation of the American Pika,1998,Mammal,Mammalia,Ochotona princeps,Temperate Conifer Forests,Bodie; MonoCounty; California,USA,C,To assess the relative importance of individual patches to the long-term persistence of the metapopulation and generate predictions about the performance of a species in particular patch networks,IFM,broken rock landforms,76,12000,NA,NA,NA,350,m,22,2,2
44,Lindenmayer DB; McCarthy MA; Pope ML,Arboreal marsupial incidence in eucalypt patches in south-eastern Australia: a test of Hanski's incidence function metapopulation model for patch occupancy,1999,Mammal,Mammalia,Petauroides volans,Temperate broadleaf and mixed forests,Buccleuch State Forest near Tumut south-eastern Australia,Australia,B; C,To compare outcomes of extensive field survey to predictions of the IFM,IFM,remnant patches of native Eucalyptus forest within the boundaries of Pinus radiata plantation,40,5500,450,NA,NA,40.5,ha,1,2,2
45,Lindenmayer DB; McCarthy MA; Pope ML,Arboreal marsupial incidence in eucalypt patches in south-eastern Australia: a test of Hanski's incidence function metapopulation model for patch occupancy,1999,Mammal,Mammalia,Trichosurus vulpecula,Temperate broadleaf and mixed forests,Buccleuch State Forest near Tumut south-eastern Australia,Australia,B; C,To compare outcomes of extensive field survey to predictions of the IFM,IFM,remnant patches of native Eucalyptus forest within the boundaries of Pinus radiata plantation,40,5500,450,NA,NA,40.5,ha,1,2,2
46,Biedermann R ,Metapopulation dynamics of the froghopper Neophilaenus albipennis (F.; 1798) (Homoptera; Cercopidae) – what is the minimum viable metapopulation size?,2000,Froghopper,Insecta,Neophilaenus albipennis,Temperate broadleaf and mixed forests,Northeast surroundings of Halle,Germany,C,To simulate the the metapopulation dynamics Neophilaenus albipennis,IFM,patches of the host plant Brachypodium pinnatum that are at least 5m apart from each other,506,1.70E+07,59447,118,NA,7233,m^2,2,NA,NA
47,Vos CC; Braak CJFT; Nieuwenhuizen W,Incidence Function Modelling and Conservation of the Tree Frog Hyla arborea in the Netherlands,2000,Amphibian,Amphibia,Hyla arborea ,Temperate broadleaf and mixed forests,South east Zealand,Netherlands,A; D,To test whether an IFM is a useful tool to quantify spatial habitat requirements for the protection and long-term survival of a species and to analyse whether local extinctions and recolonisation are affected by habitat fragmentation and habitat quality factors,IFM+,pond area plus terrestrial habitat within 250 m of the pond,500,250,3.75,NA,NA,NA,km^2,4,2,2;3
48,Carlsson A; Kindvall O,Spatial dynamics in a metapopulation network: recovery of a rare grasshopper Stauvoderus scalaris from population refuges,2001,Grasshopper,Insecta,Stauvoderus scalaris,Temperate broadleaf and mixed forests,Oland Island,Sweden,C,To analyse the occupancy pattern of a rare and endangered grasshopper,IFM+,dry stony mountain meadows identified through aerial photograph,158,NA,NA,NA,NA,NA,m^2,7,2,3
49,Crone EE; Doak D; Pokki J,Ecological influences on the dynamics of a field vole metapopulation,2001,Mammal,Mammalia,Microtus agrestis,Boreal forests/Taiga,Tvarminne Archipelago,Finland,A; B,To address issues relevant to metapopulation studies: relationships between within-subpopulation dynamics; dispersal behavior; habitat quality; and metapopulation dynamics; the generality that smaller and less frequently inhabited islands are less important for metapopulation dynamics; and the comparison of different methods for understanding and predicting dynamics in ‘‘metapopulation-like’’ systems,IFM/Levins,islands,71,3500,170,NA,NA,10,ha,6,2,2;3
50,Tyre AJ; Possingham HP; Niejalke DP ,Detecting environmental impacts on metapopulations of mound spring invertebrates: Assessing an incidence function model ,2001,Snail,Gastropoda,Fonscochlea zeidleri,Deserts and Xeric shrublands,Bopeechee Springs,Australia,A,To assess the ability of incidence function models to detect environmental impacts on metapopulations of a hydrobiid snail,IFM,Bopeechee Springs group,9,360000,NA,NA,NA,1090,m^2,NA,2,2
51,Wahlberg N; Klemetti T; Hanski I,Dynamic populations in a dynamic landscape: the metapopulation structure of the marsh fritillary butterfly,2002,Butterfly,Insecta,Euphydryas aurinia,Boreal forests/Taiga,Joutseno region of southeastern Finland,Finland,C,To report the metapopulation structure of the marsh fritillary and to investigate the of role of patch dynamics in long-term persistence of the species ,IFM,open habitat with Succia pratensis present and delimited by surrounding habitat (usually forest),114,15000,153.9,1.35,NA,16.84,ha,1,2,1;3
52,Ovaskainen O ,The Effective Size of a Metapopulation Living in a Heterogeneous Patch Network.?,2002,Butterfly,Insecta,Melitaea cinxia,Temperate broadleaf and mixed forests,Aland Islands,Finland,A,To propose a computationally feasible approximation method; which approximates the behavior of a heterogeneous SPOM by an “ideal” metapopulation inhabiting a network of identical and equally connected habitat patches,IFM/Levin,NA,51,NA,NA,NA,NA,2.7,NA,NA,NA,NA
53,ter Braak CJF; Etienne RS ,Improved Bayesian analysis of metapopulation data with an application to a tree frog metapopulation ,2003,Amphibian,Amphibia,Hyla arborea ,Temperate broadleaf and mixed forests,South east Zealand,Netherlands,A,To suggest a new bayesian approach for SPOMs to make full use of the occupancy data of the first year; and that is more efficient in treating missing data,IFM+/Author's,pond area plus terrestrial habitat within 250 m of the pond,202,250,37.5,NA,NA,NA,ha,NA,1,1
54,Westphal MI; Pickett M; Getz WM; Possingham HP ,The use of stochastic dynamic programming in optimal landscape reconstruction for metapopulations ,2003,Bird,Aves,Stipiturus malachurus intermedius,Mediterranean Forests; Woodlands and Scrub,Mount Lofty Ranges,Australia,D,To evaluate alternative management decision for the critically enfangered emu-wren,IFM,remaining swamps in Fleurieu Peninsula ,6,525,27.6,NA,NA,10.1,ha,2,1,1
55,Bergman K-O; Kindvall O,Population viability analysis of the butterfly Lopinga achine in a changing landscape in Sweden ,2004,Butterfly,Insecta,Lopinga achine,Temperate broadleaf and mixed forests,30 km south of the city of Linkoping,Sweden,D,To evaluate the importance of incorporating deterministic habitat changes and detailed ecological knowledge in a population viability analysis,IFM,all potential patches within two km of the 49 populations recognised up to 1997,158,420,NA,NA,NA,NA,km^2,2,1,3
56,Biedermann R ,Modelling the spatial dynamics and persistence of the leaf beetle Gonioctena olivacea in dynamic habitats,2004,Beetle,Insecta,Gonioctena olivacea,Temperate broadleaf and mixed forests,South of Oldenburg in Lower Saxony; Germany (52°59'N; 8°14'E),Germany,C,To analyse the persistence of the leaf beetle Gonioctena olivacea in a system of dynamic patches of its host plant Cytisus scoparius,Author's,patches of Scotch broom Cytisus scoparius,79,8800000,742.6,9.4,NA,NA,m^2,3,2,3
57,Biedermann R ,Incidence and population dynamics of the leaf beetle Gonioctena olivacea in dynamic habitats ,2005,Beetle,Insecta,Gonioctena olivacea,Temperate broadleaf and mixed forests,South of Oldenburg in Lower Saxony; Germany (52°59'N; 8°14'E),Germany,C,"To study the incidence and population dynamics of the leaf beetle Gonioctena olivacea in a system of dynamic patches of the host plant Scotch broom Cytisus
scoparius",Author's,patches of Scotch broom Cytisus scoparius,NA,NA,NA,NA,NA,NA,NA,NA,1,3
58,Ozgul A; Armitage KB; Blumstein DT; Vanvuren DH; Oli MK,Effects of patch quality and network structure on patch occupancy dynamics of a yellow-bellied marmot metapopulation,2006,Mammal,Mammalia,Marmota flaviventris,Temperate Conifer Forests,Colorado,USA,C,To assess the relative influence of particular sites; site quality; network characteristics and regional stochasticity on the persistence of the marmot metapopulation,IFM+,occurrence of adult females ,21,3375,NA,NA,NA,7.2,ha,13,1,3
59,Pellet J; Maze G; Perrin N,The contribution of patch topology and demographic parameters to population viability analysis predictions: the case of the European tree frog ,2006,Amphibian,Amphibia,Hyla arborea ,Temperate broadleaf and mixed forests,Western Switzerland (N 46.451844; E 6.27413),Switzerland ,B; C,To evaluate the concordances of SPOM and population-based stocastic models and their applications to conservation,Author's,breeding ponds,16,225,0.1125,NA,NA,NA,km^2,4,2,2;3
60,Schroeder LM; Ranius T; Ekbom B; Larsson S,Spatial occurrence of a habitat-tracking saproxylic beetle inhabiting a managed forest landscape,2007,Beetle,Insecta,Harminius undulatus,Boreal forests/Taiga,40 km southwest of Sundsvall; Halsingland,Sweden,A; B; D,To determine the importance of stand and landscape attributes for the stand occupancy of H. undulatus in a managed forest landscape; (2) to test if a habitat-tracking metapopulation model can help explain the current pattern of H. undulatus occurrence; and (3) to estimate the relative importance of different kinds of forest stands for the recruitment of H. undulatus across large landscapes,IFM+,3-7 yr and >60 yr forest stands with coarse woody debris,56,24449,9091,NA,NA,53.54,ha,3,2,3
61,Alados CL; Pueyo Y; Escós J; Andujar A,Effects of the spatial pattern of disturbance on the patch-occupancy dynamics of juniper–pine open woodland,2009,Plant,Pinopsida,Juniperus thurifera,Mediterranean Forests; Woodlands and Scrub,Middle Ebro Valley,Spain,C; D,To evaluate the effects of spatial patterns of disturbance on the persistence of a juniper–pine open woodland community,Author's,current oak-pine open woodland and dwarf-scrub patches,326,45650,1142,4.2,NA,NA,ha,41,NA,NA
62,Alados CL; Pueyo Y; Escós J; Andujar A,Effects of the spatial pattern of disturbance on the patch-occupancy dynamics of juniper–pine open woodland,2009,Plant,Pinopsida,Pinus halapensis,Mediterranean Forests; Woodlands and Scrub,Middle Ebro Valley,Spain,C; D,To evaluate the effects of spatial patterns of disturbance on the persistence of a juniper–pine open woodland community,Author's,current oak-pine open woodland and dwarf-scrub patches,326,45650,1142,4.2,NA,NA,ha,41,NA,NA
63,Hodgson JA; Moilanen A; Bourn NAD; Bulman CR; Thomas CD,Managing successional species: Modelling the dependence of heath fritillary populations on the spatial distribution of woodland management,2009,Butterfly,Insecta,Melitaea athalia,Temperate broadleaf and mixed forests,Blean Woods complex; north of Canterbury in Kent,England,A; D,To suggest a simulation model (MANAGE) to assist in the conservation of populations of species that persist on a shifting mosaic of successional habitat,MANAGE,coppiced patches,119,1214,15.6,NA,NA,4.9,ha,6,1,3
64,Hodgson JA; Moilanen A; Thomas CD,Metapopulation responses to patch connectivity and quality are masked by successional habitat dynamics,2009,Butterfly,Insecta,Plebejus argus,Temperate broadleaf and mixed forests,Holy Island; Anglesey and Conwy; North Wales,Wales,A,To test the effect of succecional changes of habitat in the relationship bewteen occupancy and patch connectivity and quality,MANAGE,heathland occupied by P. argus on Holy Island; limestone grassland in Conwy,133,NA,146.7,NA,0.255,NA,ha,NA,1,3
65,Sahlsten J; Wickstrom F; Hoglund J,Hazel grouse Bonasa bonasia population dynamics in a fragmented landscape: a metapopulation approach,2010,Bird,Aves,Bonasa bonasia,Temperate broadleaf and mixed forests,Uppland county,Sweden,C,To examine the effects of different area-related scenarios; by varying amounts of edge zone; on occupancy level and capacity estimates using metapopulation theory,IFM,area >20 ha containing habitat suitability index values >75,117,126000,9862.9,84.3,NA,NA,ha,1,2,3
66,Wilson RJ; Davies ZG; Thomas CD ,Linking habitat use to range expansion rates in fragmented landscapes: a metapopulation approach,2010,Butterfly,Insecta,Hesperia comma,Temperate broadleaf and mixed forests,South-eastern England,England,C; D,To test how changes to habitat use because of climate change affect a species’ distribution at its upper latitude margin,IFM,areas of suitable grassland bounded by continuous woodland or scrub barriers; or by at least 25 m of unsuitable grassland,698,2500000,1916.6,NA,NA,1,ha,21,1,2
67,Hanski I; Mononen T,Eco-evolutionary dynamics of dispersal in spatially heterogeneous environments,2011,Butterfly,Insecta,Melitaea cinxia,Temperate broadleaf and mixed forests,Aland Islands,Finland,A,To develop an eco-evolutionary model for dispersal by combining a stochastic patch occupancy metapopulation model with a model for changes in the frequency of fast-dispersing individuals in local populations,Author's,small dry meadows with the larval host plants Plantago lanceolata and Veronica spicata,4000,NA,NA,NA,NA,NA,NA,NA,1,3
68,Harrison Pj; Hanski I; Ovaskainen O,Bayesian state-space modeling of metapopulation dynamics in the Glanville fritillary butterfly,2011,Butterfly,Insecta,Melitaea cinxia,Temperate broadleaf and mixed forests,Aland Islands,Finland,A; B,"To compare the parameter estimates; model fits; and predictive abilities of two models of metapopulation dynamics: a detailed individual-based model (IBM) and a
population-based stochastic patch occupancy model (SPOM) derived from the IBM",Author's,small dry meadows with the larval host plants Plantago lanceolata and Veronica spicata,72,NA,NA,NA,NA,NA,NA,NA,1,3
69,Dornier A; Pons V; Cheptou P-O ,Colonization and extinction dynamics of an annual plant metapopulation in an urban environment ,2011,Plant,Angiospermae,Crepis sancta,Mediterranean Forests; Woodlands and Scrub,Montpellier,France,B; C,To study the colonization/extinction dynamics of the annual plant Crepis sancta in urban fragmented populations,IFM/SRLM/PRM,small patches around pavement trees,289,1159,1156,4,NA,4,m^2,4,2,3
70,MacPherson JL; Bright PW ,Metapopulation dynamics and a landscape approach to conservation of lowland water voles (Arvicola amphibius) ,2011,Mammal,Mammalia,Arvicola amphibius,Temperate broadleaf and mixed forests,Kent; Essex; Somerset; Anglesey,England and Wales,C; D,To test the incidence function model as a tool for describing and predicting extensive lowland water vole metapopulation dynamics,IFM,area with a minimum water depth of 25 cm; bank side vegetation composed of at least 70% grasses/sedges/reeds/forbs; bank substratum made of uncompacted soils; bank angles greater than or equal to 358; and bank height a minimum of 20 cm above water level. Patches were considered distinct from each other if separated by more than 200 m of unsuitable habitat along a watercourse,195,NA,NA,NA,NA,29.8,km,2,2,2;3
71,Risk BB; de Valpine P; Beissinger SR,A robust-design formulation of the incidence function model of metapopulation dynamics applied to two species of rails,2011,Bird,Aves,Laterallus jamaicensis,Mediterranean Forests; Woodlands and Scrub,Sierra Nevada Mountains in California,USA,A; B,To compare parameter estimates; measures of metapopulation dynamics; and forecasts using stochastic patch occupancy models (SPOMs) among three IFM models,IFM/IFM+,edge of a wetlandwith >50% wetland plants,228,103600,NA,NA,0.48,13.9,ha,7,1,3
72,Risk BB; de Valpine P; Beissinger SR,A robust-design formulation of the incidence function model of metapopulation dynamics applied to two species of rails,2011,Bird,Aves,Rallus limicola,Mediterranean Forests; Woodlands and Scrub,Sierra Nevada Mountains in California,USA,A; B,To compare parameter estimates; measures of metapopulation dynamics; and forecasts using stochastic patch occupancy models (SPOMs) among three IFM models,IFM/IFM+,edge of a wetlandwith >50% wetland plants,228,103600,NA,NA,0.48,13.9,ha,5,1,3
73,Fedrowitz K; Kuusinen M; Snall T,Metapopulation dynamics and future persistence of epiphytic cyanolichens in a European boreal forest ecosystem,2012,Lichen,Lecanoromycetes,Lobaria pulmonaria,Boreal forests/Taiga,Kotinen nature reserve forest; southern boreal zone,Finland,C,To increase the understanding of which factors explain the metapopulation dynamics of epiphytic cyanolichens in order to be able to assess their future persistence in areas with different host tree numbers and tree fall rates,Author's,aspen trees within the study area,456,NA,NA,NA,NA,NA,NA,NA,2,3
74,Fedrowitz K; Kuusinen M; Snall T,Metapopulation dynamics and future persistence of epiphytic cyanolichens in a European boreal forest ecosystem,2012,Lichen,Lecanoromycetes,Nephroma parile,Boreal forests/Taiga,Kotinen nature reserve forest; southern boreal zone,Finland,C,To increase the understanding of which factors explain the metapopulation dynamics of epiphytic cyanolichens in order to be able to assess their future persistence in areas with different host tree numbers and tree fall rates,Author's,aspen trees within the study area,456,NA,NA,NA,NA,NA,NA,NA,2,3
75,Fedrowitz K; Kuusinen M; Snall T,Metapopulation dynamics and future persistence of epiphytic cyanolichens in a European boreal forest ecosystem,2012,Lichen,Lecanoromycetes,Nephroma bellum,Boreal forests/Taiga,Kotinen nature reserve forest; southern boreal zone,Finland,C,To increase the understanding of which factors explain the metapopulation dynamics of epiphytic cyanolichens in order to be able to assess their future persistence in areas with different host tree numbers and tree fall rates,Author's,aspen trees within the study area,456,NA,NA,NA,NA,NA,NA,NA,2,3
76,Fedrowitz K; Kuusinen M; Snall T,Metapopulation dynamics and future persistence of epiphytic cyanolichens in a European boreal forest ecosystem,2012,Lichen,Lecanoromycetes,Parmeliella triptophylla,Boreal forests/Taiga,Kotinen nature reserve forest; southern boreal zone,Finland,C,To increase the understanding of which factors explain the metapopulation dynamics of epiphytic cyanolichens in order to be able to assess their future persistence in areas with different host tree numbers and tree fall rates,Author's,aspen trees within the study area,456,NA,NA,NA,NA,NA,NA,NA,2,3
77,Fedrowitz K; Kuusinen M; Snall T,Metapopulation dynamics and future persistence of epiphytic cyanolichens in a European boreal forest ecosystem,2012,Lichen,Lecanoromycetes,Nephroma laevigatum,Boreal forests/Taiga,Kotinen nature reserve forest; southern boreal zone,Finland,C,To increase the understanding of which factors explain the metapopulation dynamics of epiphytic cyanolichens in order to be able to assess their future persistence in areas with different host tree numbers and tree fall rates,Author's,aspen trees within the study area,456,NA,NA,NA,NA,NA,NA,NA,2,3
78,Fedrowitz K; Kuusinen M; Snall T,Metapopulation dynamics and future persistence of epiphytic cyanolichens in a European boreal forest ecosystem,2012,Lichen,Lecanoromycetes,Protopannaria pezizoides,Boreal forests/Taiga,Kotinen nature reserve forest; southern boreal zone,Finland,C,To increase the understanding of which factors explain the metapopulation dynamics of epiphytic cyanolichens in order to be able to assess their future persistence in areas with different host tree numbers and tree fall rates,Author's,aspen trees within the study area,456,NA,NA,NA,NA,NA,NA,NA,2,3
79,Fedrowitz K; Kuusinen M; Snall T,Metapopulation dynamics and future persistence of epiphytic cyanolichens in a European boreal forest ecosystem,2012,Lichen,Lecanoromycetes,Nephroma resupinatum,Boreal forests/Taiga,Kotinen nature reserve forest; southern boreal zone,Finland,C,To increase the understanding of which factors explain the metapopulation dynamics of epiphytic cyanolichens in order to be able to assess their future persistence in areas with different host tree numbers and tree fall rates,Author's,aspen trees within the study area,456,NA,NA,NA,NA,NA,NA,NA,2,3
80,Lawson CR; Bennie JJ; Thomas CD; Hodgson JA; Wilson RJ,Local and landscape management of an expanding range margin under climate change,2012,Butterfly,Insecta,Hesperia comma,Temperate broadleaf and mixed forests,South-eastern England,England,D,To understand the local and landscape determiants of population establishment; density and survival of a temperature-sensitive and habitat-specialist species to mange range shifts due to climate change ,Author's,"any unimproved chalk grassland containing more than an estimated 5% cover of F. ovina plants <10 cm tall
",724,NA,NA,NA,NA,NA,ha,9,1,3
81,Poos MS; Jackson DA,Impact of species-specific dispersal and regional stochasticity on estimates of population viability in stream metapopulations,2012,Fish,Actinopterygii,Clinostomus elongatus,Temperate broadleaf and mixed forests,Leslie Tributary and Berczy Creek; Ontario,Canada,A,To assess the impact of species-specific dispersal on estimates of metapopulation viability,IFM+,spatially distinct pool segregated by a well-defined riffle (e.g. a passable but natural migratory barrier),43,NA,NA,NA,NA,NA,m,1,1,1
82,Sutherland C; Elston DA; Lambin X ,Multi?scale processes in metapopulations: contributions of stage structure; rescue effect; and correlated extinctions,2012,Mammal,Mammalia,Arvicola amphibius,Temperate broadleaf and mixed forests,Assynt; northwestern Scotland,Scotland,A; C,To investigate the effects of stage structure; spatially correlated processed and rescue effect on metapopulation dynamics,Author's,streches of riparian habitat,69,140,94.6,0.847,NA,3.007,km,7,NA,NA
83,Bennie J; Hodgson  J; Lawson C; Holloway C; Roy D; Brereton T; Thomas C; Wilson R,Range expansion through fragmented landscapes under a variable climate ,2013,Butterfly,Insecta,Hesperia comma,Temperate broadleaf and mixed forests,South-eastern England,England,C,To test the hypothesis that fine-scale variation in thermal habitat quality determines the rate and pattern of species range expansion through a fragmented habitat network ,IFM+,grazed calcareous grassland,686,9600,NA,NA,NA,71,ha,10,2,3
84,George DB; Webb CT; Pepin KM; Savage LT; Antolin MF ,Persistence of black-tailed prairie-dog populations affected by plague in northern Colorado; USA,2013,Mammal,Mammalia,Cynomys ludovicianus,Temperate Grasslands; Savannas and Shrublands,Pawnee National Grassland and Central Plains Experimental Range in northern Colorado,USA,B; C,To help address the generality of prairie-dog metapopulation patterns and plague dispersal mechanism ,IFM,colony area (fresh dropping; little to no vegetation on burrows mounds; signs of fresh digging),41,105000,578.1,14.1,NA,43.5,ha,25,2,2;3
85,Schnell JK; Harris GM; Pimm SL; Russell GJ,Estimating Extinction Risk with Metapopulation Models of Large-Scale Fragmentation,2013,Bird,Aves,Tangara cabanisi,Tropical and Subtropical Coniferous Forests,Central American Highlands,Mexico; Guatemal; Honduras,A,To modify a spatially explicit metapopulation model to predict extinction risk at large scale ,IFM+,forest fragments from satellite imagery,NA,NA,NA,NA,NA,NA,km^2,NA,1,3
86,Schnell JK; Harris GM; Pimm SL; Russell GJ,Estimating Extinction Risk with Metapopulation Models of Large-Scale Fragmentation,2013,Bird,Aves,Ergaticus versicolor,Tropical and Subtropical Coniferous Forests,Central American Highlands,Mexico; Guatemal; Honduras,A,To modify a spatially explicit metapopulation model to predict extinction risk at large scale ,IFM+,forest fragments from satellite imagery,NA,NA,NA,NA,NA,NA,km^2,NA,1,3
87,Schnell JK; Harris GM; Pimm SL; Russell GJ,Estimating Extinction Risk with Metapopulation Models of Large-Scale Fragmentation,2013,Bird,Aves,Troglodytes rufociliatus,Tropical and Subtropical Coniferous Forests,Central American Highlands,Mexico; Guatemal; Honduras,A,To modify a spatially explicit metapopulation model to predict extinction risk at large scale ,IFM+,forest fragments from satellite imagery,NA,NA,NA,NA,NA,NA,km^2,NA,1,3
88,Schnell JK; Harris GM; Pimm SL; Russell GJ,Estimating Extinction Risk with Metapopulation Models of Large-Scale Fragmentation,2013,Bird,Aves,Turdus rufitorques,Tropical and Subtropical Coniferous Forests,Central American Highlands,Mexico; Guatemal; Honduras,A,To modify a spatially explicit metapopulation model to predict extinction risk at large scale ,IFM+,forest fragments from satellite imagery,NA,NA,NA,NA,NA,NA,km^2,NA,1,3
89,Dolrenry S; Stenglein J; Hazzah L; Lutz RS; Frank L,A Metapopulation Approach to African Lion (Panthera leo) Conservation,2014,Mammal,Mammalia,Panthera leo,Tropical and subtropical grasslands; savannas; and shrublands,Kenya and Tanzania,Kenya and Tanzania,C,To assess the effect of sex-specific dispersal characteristics and the impact of human densities on the remaining lion populations,IFM,areas identified by experts that cointained a breeding lion population,25,3859375,347375,13895,NA,127515,km^2,1,1,3
90,Dolrenry S; Stenglein J; Hazzah L; Lutz RS; Frank L,A Metapopulation Approach to African Lion (Panthera leo) Conservation,2014,Mammal,Mammalia,Panthera leo,Tropical and subtropical grasslands; savannas; and shrublands,Kenya and Tanzania,Kenya and Tanzania,C,To assess the effect of sex-specific dispersal characteristics and the impact of human densities on the remaining lion populations,IFM,areas identified by experts that cointained a breeding lion population,25,3859375,347375,13895,NA,127515,km^2,1,1,3
91,Ruete; A; Fritz; O; Snall; T,A model for non-equilibrium metapopulation dynamics utilizing data on species occupancy; patch ages and landscape history,2014,Lichen,Lecanoromycetes,Bacidina phacodes,Temperate broadleaf and mixed forests,Halmstad municipality; the County of Halland,Sweden,A; C,To estimate colonization rates; including the dispersal kernel; of non-equilibrium metapopulations that are influenced by the dynamics of the landscape,Author's,forest stands,NA,1750,NA,NA,NA,NA,km^2,NA,2,3
92,Ruete; A; Fritz; O; Snall; T,A model for non-equilibrium metapopulation dynamics utilizing data on species occupancy; patch ages and landscape history,2014,Lichen,Coniocybomycetes,Chaenotheca brachypoda,Temperate broadleaf and mixed forests,Halmstad municipality; the County of Halland,Sweden,A; C,To estimate colonization rates; including the dispersal kernel; of non-equilibrium metapopulations that are influenced by the dynamics of the landscape,Author's,forest stands,NA,1750,NA,NA,NA,NA,km^2,NA,2,3
93,Ruete; A; Fritz; O; Snall; T,A model for non-equilibrium metapopulation dynamics utilizing data on species occupancy; patch ages and landscape history,2014,Lichen,Lecanoromycetes,Lecanora glabrata,Temperate broadleaf and mixed forests,Halmstad municipality; the County of Halland,Sweden,A; C,To estimate colonization rates; including the dispersal kernel; of non-equilibrium metapopulations that are influenced by the dynamics of the landscape,Author's,forest stands,NA,1750,NA,NA,NA,NA,km^2,NA,2,3
94,Ruete; A; Fritz; O; Snall; T,A model for non-equilibrium metapopulation dynamics utilizing data on species occupancy; patch ages and landscape history,2014,Lichen,Lecanoromycetes,Megalaria laureri,Temperate broadleaf and mixed forests,Halmstad municipality; the County of Halland,Sweden,A; C,To estimate colonization rates; including the dispersal kernel; of non-equilibrium metapopulations that are influenced by the dynamics of the landscape,Author's,forest stands,NA,1750,NA,NA,NA,NA,km^2,NA,2,3
95,Ruete; A; Fritz; O; Snall; T,A model for non-equilibrium metapopulation dynamics utilizing data on species occupancy; patch ages and landscape history,2014,Lichen, Arthoniomycetes,Opegrapha viridis,Temperate broadleaf and mixed forests,Halmstad municipality; the County of Halland,Sweden,A; C,To estimate colonization rates; including the dispersal kernel; of non-equilibrium metapopulations that are influenced by the dynamics of the landscape,Author's,forest stands,NA,1750,NA,NA,NA,NA,km^2,NA,2,3
96,Ruete; A; Fritz; O; Snall; T,A model for non-equilibrium metapopulation dynamics utilizing data on species occupancy; patch ages and landscape history,2014,Lichen,Ascomycetes,Pachyphiale carneola,Temperate broadleaf and mixed forests,Halmstad municipality; the County of Halland,Sweden,A; C,To estimate colonization rates; including the dispersal kernel; of non-equilibrium metapopulations that are influenced by the dynamics of the landscape,Author's,forest stands,NA,1750,NA,NA,NA,NA,km^2,NA,2,3
97,Ruete; A; Fritz; O; Snall; T,A model for non-equilibrium metapopulation dynamics utilizing data on species occupancy; patch ages and landscape history,2014,Lichen,Lecanoromycetes,Pertusaria multipuncta,Temperate broadleaf and mixed forests,Halmstad municipality; the County of Halland,Sweden,A; C,To estimate colonization rates; including the dispersal kernel; of non-equilibrium metapopulations that are influenced by the dynamics of the landscape,Author's,forest stands,NA,1750,NA,NA,NA,NA,km^2,NA,2,3
98,Ruete; A; Fritz; O; Snall; T,A model for non-equilibrium metapopulation dynamics utilizing data on species occupancy; patch ages and landscape history,2014,Lichen,Eurotiomycetes,Pyrenula nitida ,Temperate broadleaf and mixed forests,Halmstad municipality; the County of Halland,Sweden,A; C,To estimate colonization rates; including the dispersal kernel; of non-equilibrium metapopulations that are influenced by the dynamics of the landscape,Author's,forest stands,NA,1750,NA,NA,NA,NA,km^2,NA,2,3
99,Ruete; A; Fritz; O; Snall; T,A model for non-equilibrium metapopulation dynamics utilizing data on species occupancy; patch ages and landscape history,2014,Lichen,Lecanoromycetes,Thelopsis rubella,Temperate broadleaf and mixed forests,Halmstad municipality; the County of Halland,Sweden,A; C,To estimate colonization rates; including the dispersal kernel; of non-equilibrium metapopulations that are influenced by the dynamics of the landscape,Author's,forest stands,NA,1750,NA,NA,NA,NA,km^2,NA,2,3
100,Sutherland CS; Elston DA; Lambin X,A demographic; spatially explicit patch occupancy model of metapopulation dynamics and persistence ,2014,Mammal,Mammalia,Arvicola amphibius,Temperate broadleaf and mixed forests,Assynt; northwestern Scotland,Scotland,A,To integrate dispersal and connectivity; detectability and local demography to allow explicitly for stage-specific contributions to both extinction and colonization transition probabilities through Bayesian hierarchical modeling,Author's,streches of riparian habitat slow-flowing water with vegetated banks suitable for burrowing,98,860,69.58,0.71,NA,2.5,km,14,1,3
101,Che-Castaldo JP; Neel MC,Species-level persistence probabilities for recovery and conservation status assessment,2016,Plant,Angiospermae,Erigeron parishii,Mediterranean Forests; Woodlands and Scrub,San Bernardino Mountains of southern California,USA,D,To demonstrate a method to evaluate management options for 3 federally listed species by applying 3 previously developed viability metrics based on spatial rather than demographic data,IFM,discrete polygons of occupied habitat restricted to limestone and dolomite substrates mapped through field surveys,86,64900,444,5.2,NA,55.1,ha,1,2,3
102,Che-Castaldo JP; Neel MC,Species-level persistence probabilities for recovery and conservation status assessment,2016,Plant,Angiospermae,Eriogonum ovalifolium,Mediterranean Forests; Woodlands and Scrub,San Bernardino Mountains of southern California,USA,D,To demonstrate a method to evaluate management options for 3 federally listed species by applying 3 previously developed viability metrics based on spatial rather than demographic data,IFM,discrete polygons of occupied habitat restricted to limestone and dolomite substrates mapped through field surveys,227,64900,548,2.4,NA,25.2,ha,1,2,3
103,Che-Castaldo JP; Neel MC,Species-level persistence probabilities for recovery and conservation status assessment,2016,Plant,Angiospermae,Acanthoscyphus parishii,Mediterranean Forests; Woodlands and Scrub,San Bernardino Mountains of southern California,USA,D,To demonstrate a method to evaluate management options for 3 federally listed species by applying 3 previously developed viability metrics based on spatial rather than demographic data,IFM,discrete polygons of occupied habitat restricted to limestone and dolomite substrates mapped through field surveys,97,64900,218,2.5,NA,12.7,ha,1,2,3
104,Johansson V; Knape J; Franzén M ,Population dynamics and future persistence of the clouded Apollo butterfly in southern Scandinavia: The importance of low intensity grazing and creation of habitat patches,2017,Butterfly,Insecta,Parnassius mnemosyne,Temperate broadleaf and mixed forests,Ronneby; Blekinge; Sweden,Sweden,C; D,To analyze the colonization-extinction dynamics and local population size of the Clouded Apollo butterfly under different scenarios of management ,Author's,open grasslands with >0.5 m^2 cover or >50 shoots of the host plant (Corydalis spp.) and presence of the >50 flowering individuals of nectar plant Lychnis viscaria and situated 150 m apart or more,24,14625,NA,NA,NA,5,ha,31,2,3
105,Mestre F; Risk BB; Mira A; Beja P; Pita R,A metapopulation approach to predict species range shifts under different climate change and landscape connectivity scenarios,2017,Mammal,Mammalia,Microtus cabrerae,Mediterranean Forests; Woodlands and Scrub,Iberian Peninsula,Spain,A; D,To suggest a framework to to forcast species distribution ranges while accounting for climate and landscape effects by combining SPOM and ecological niche models,IFM+,dense (about 100% cover) and tall (mean height around 30–40 cm) herbaceous communities dominated by grasses sedges and rushes located near small streams temporarily flooded or waterlogged soil depressions; and tall grasslands in agricultural field margins ditches and road verges ,57,1600,NA,NA,NA,0.5,ha,3,1,3
106,Laroche F; Paltto H; Ranius T ,Abundance-based detectability in a spatially-explicit metapopulation: a case study on a vulnerable beetle species in hollow trees ,2018,Beetle,Insecta,Tenebrio opacus,Temperate broadleaf and mixed forests,Bjärka Säby; Östergötland; SE Sweden,Sweden,A,To propose a framework for using abundance-based estimates of detectability in the analysis of a spatially-explicit SPOM,Author's/SRLM/PRM,standing oaks harbouring an entrance hole with a diameter > 10 cm,338,NA,NA,NA,NA,NA,NA,NA,1,3
107,Southwell DM; Heard GW; McCarthy MA,Optimal timing of biodiversity offsetting for metapopulations,2018,Amphibian,Amphibia,Litoria raniformis,Temperate broadleaf and mixed forests,Campbellfield; Melbourne,Australia,D,To explore the optimal timing of biodiversity offsetting in the context of metapopulation restoration for the grwoling grass frog and the Southern Emu-wren,Author's/IFM,pools along Merri Creek; water-treatment wetland; a small ephemeral pond and two large quarries,6,1501157.4,100305.5,16717.6,NA,64610,m^2,11,1,3
108,Southwell DM; Heard GW; McCarthy MA,Optimal timing of biodiversity offsetting for metapopulations,2018,Bird,Aves,Stipiturus malachurus intermedius,Mediterranean Forests; Woodlands and Scrub,Mount Lofty Ranges,Australia,D,To explore the optimal timing of biodiversity offsetting in the context of metapopulation restoration for the grwoling grass frog and the Southern Emu-wren,Author's/IFM,remaining swamps in Fleurieu Peninsula ,6,525,27.6,4.6,NA,10.1,ha,2,1,3
109,Wood CM; Whitmore SA; Gutiérrez RJ; Sawyer SC; Keane JJ; Peery MZ,Using metapopulation models to assess species conservation–ecosystem restoration trade-offs ,2018,Bird,Aves,Strix occidentalis,Temperate Conifer Forests,Sierra Nevada Mountains in California,USA,D,To provide a framework for developing theoretical patch vacancy thresholds (duration of vacancy required before implementing restoration) for spotted owls and assessing the implications of such criteria for restoration objectives,Author's,proportion of a territory (400-ha circular area) comprised of forests having both ?70% canopy cover and trees with a quadratic mean diameter-at-breast height ?61 cm,64,268128,NA,NA,27.4,91.9,ha,2,NA,NA
110,Alcala N; Launer AE; Westphal MF; Seymour R; Cole EM; Rosenberg NA,Use of stochastic patch occupancy models in the California red-legged frog for Bayesian inference regarding past events and future persistence ,2019,Amphibian,Amphibia,Rana draytonii,Mediterranean Forests; Woodlands and Scrub,Matadero; Deer; and San Francisquito Creeks; Standford,USA,D,To assess two hypothesized causes of population decline (in situ die-off and residual impact of past source population loss),Author's,NA,NA,NA,NA,NA,NA,NA,NA,NA,1,3
111,Johansson V; Kindvall O; Askling J; Franzén M,Intense grazing of calcareous grasslands has negative consequences for the threatened marsh fritillary butterfly,2019,Butterfly,Insecta,Euphydryas aurinia,Temperate broadleaf and mixed forests,Gotland,Sweden,C,To increase the understanding of how habitat quality affects the colonization-extinction dynamics and persistence of grassland butterflies,IFM,habitat areas separated by >33.3 m of open habitat without the host plant; or >10 m with forest barrier,256,5000,188.3,0.74,0.12,47.1,ha,2,1,3
112,Polak T; Nicholson E; Grilo C; Bennett JR; Possingham HP,Optimal planning to mitigate the impacts of roads on multiple species,2019,Mammal,Mammalia,Petauroides volans,Temperate broadleaf and mixed forests,Buccleuch State Forest near Tumut south-eastern Australia,Australia,D,To determined the most cost-effective actions mitigating the effects of roads on multiple species combining a metapopulation model and decision theory ,Author's,NA,20,6760,162,8.1,NA,45,ha,4,1,1
113,Polak T; Nicholson E; Grilo C; Bennett JR; Possingham HP,Optimal planning to mitigate the impacts of roads on multiple species,2019,Mammal,Mammalia,Trichosurus cunninghamii,Temperate broadleaf and mixed forests,Buccleuch State Forest near Tumut south-eastern Australia,Australia,D,To determined the most cost-effective actions mitigating the effects of roads on multiple species combining a metapopulation model and decision theory ,Author's,NA,40,5050,450,NA,NA,40.5,ha,1,1,1
114,Polak T; Nicholson E; Grilo C; Bennett JR; Possingham HP,Optimal planning to mitigate the impacts of roads on multiple species,2019,Mammal,Mammalia,Pseudocheirus peregrinus,Temperate broadleaf and mixed forests,Buccleuch State Forest near Tumut south-eastern Australia,Australia,D,To determined the most cost-effective actions mitigating the effects of roads on multiple species combining a metapopulation model and decision theory ,Author's,NA,39,5050,450,11.13,NA,40.5,ha,3,1,1
115,Polak T; Nicholson E; Grilo C; Bennett JR; Possingham HP,Optimal planning to mitigate the impacts of roads on multiple species,2019,Mammal,Mammalia,Trichosurus vulpecula,Temperate broadleaf and mixed forests,Buccleuch State Forest near Tumut south-eastern Australia,Australia,D,To determined the most cost-effective actions mitigating the effects of roads on multiple species combining a metapopulation model and decision theory ,Author's,NA,40,5050,450,NA,NA,40.5,ha,1,1,1
116,Polak T; Nicholson E; Grilo C; Bennett JR; Possingham HP,Optimal planning to mitigate the impacts of roads on multiple species,2019,Bird,Aves,Climacteris erythrops,Temperate broadleaf and mixed forests,Buccleuch State Forest near Tumut south-eastern Australia,Australia,D,To determined the most cost-effective actions mitigating the effects of roads on multiple species combining a metapopulation model and decision theory ,Author's,NA,39,5050,450,11.13,NA,40.5,ha,2,1,1
117,Polak T; Nicholson E; Grilo C; Bennett JR; Possingham HP,Optimal planning to mitigate the impacts of roads on multiple species,2019,Bird,Aves,Cormobates leucophaea,Temperate broadleaf and mixed forests,Buccleuch State Forest near Tumut south-eastern Australia,Australia,D,To determined the most cost-effective actions mitigating the effects of roads on multiple species combining a metapopulation model and decision theory ,Author's,NA,39,5050,450,11.13,NA,40.5,ha,2,1,1
118,Polak T; Nicholson E; Grilo C; Bennett JR; Possingham HP,Optimal planning to mitigate the impacts of roads on multiple species,2019,Bird,Aves,Dacelo novaeguineae,Temperate broadleaf and mixed forests,Buccleuch State Forest near Tumut south-eastern Australia,Australia,D,To determined the most cost-effective actions mitigating the effects of roads on multiple species combining a metapopulation model and decision theory ,Author's,NA,39,5050,450,11.13,NA,40.5,ha,1,1,1
119,Polak T; Nicholson E; Grilo C; Bennett JR; Possingham HP,Optimal planning to mitigate the impacts of roads on multiple species,2019,Bird,Aves,Todiramphus sanctus,Temperate broadleaf and mixed forests,Buccleuch State Forest near Tumut south-eastern Australia,Australia,D,To determined the most cost-effective actions mitigating the effects of roads on multiple species combining a metapopulation model and decision theory ,Author's,NA,39,5050,450,11.13,NA,40.5,ha,1,1,1
120,Polak T; Nicholson E; Grilo C; Bennett JR; Possingham HP,Optimal planning to mitigate the impacts of roads on multiple species,2019,Mammal,Mammalia,Rattus fuscipes,Temperate broadleaf and mixed forests,Buccleuch State Forest near Tumut south-eastern Australia,Australia,D,To determined the most cost-effective actions mitigating the effects of roads on multiple species combining a metapopulation model and decision theory ,Author's,NA,39,5050,450,11.13,NA,40.5,ha,1,1,1
121,Polak T; Nicholson E; Grilo C; Bennett JR; Possingham HP,Optimal planning to mitigate the impacts of roads on multiple species,2019,Mammal,Mammalia,Antechinus agilis,Temperate broadleaf and mixed forests,Buccleuch State Forest near Tumut south-eastern Australia,Australia,D,To determined the most cost-effective actions mitigating the effects of roads on multiple species combining a metapopulation model and decision theory ,Author's,NA,39,5050,450,11.13,NA,40.5,ha,1,1,1
122,Polak T; Nicholson E; Grilo C; Bennett JR; Possingham HP,Optimal planning to mitigate the impacts of roads on multiple species,2019,Mammal,Mammalia,Oryctolagus cuniculus,NA,Europe,NA,D,To determined the most cost-effective actions mitigating the effects of roads on multiple species combining a metapopulation model and decision theory ,Author's,NA,NA,NA,NA,NA,NA,NA,ha,NA,1,1
123,Polak T; Nicholson E; Grilo C; Bennett JR; Possingham HP,Optimal planning to mitigate the impacts of roads on multiple species,2019,Mammal,Mammalia,Erinaceus europaeus,NA,Europe,NA,D,To determined the most cost-effective actions mitigating the effects of roads on multiple species combining a metapopulation model and decision theory ,Author's,NA,NA,NA,NA,NA,NA,NA,ha,NA,1,1
124,Polak T; Nicholson E; Grilo C; Bennett JR; Possingham HP,Optimal planning to mitigate the impacts of roads on multiple species,2019,Mammal,Mammalia,Sciurus vulgaris,NA,Europe,NA,D,To determined the most cost-effective actions mitigating the effects of roads on multiple species combining a metapopulation model and decision theory ,Author's,NA,NA,NA,NA,NA,NA,NA,ha,NA,1,1
125,Polak T; Nicholson E; Grilo C; Bennett JR; Possingham HP,Optimal planning to mitigate the impacts of roads on multiple species,2019,Reptile,Reptilia,Emys orbicularis,NA,Europe,NA,D,To determined the most cost-effective actions mitigating the effects of roads on multiple species combining a metapopulation model and decision theory ,Author's,NA,NA,NA,NA,NA,NA,NA,ha,NA,1,1
126,Polak T; Nicholson E; Grilo C; Bennett JR; Possingham HP,Optimal planning to mitigate the impacts of roads on multiple species,2019,Reptile,Reptilia,Vipera latastei,NA,Europe,NA,D,To determined the most cost-effective actions mitigating the effects of roads on multiple species combining a metapopulation model and decision theory ,Author's,NA,NA,NA,NA,NA,NA,NA,ha,NA,1,1
127,Van Schmidt ND; Kovach T; Kilpatrick AM; Oviedo JL; Huntsinger L; Hruska T; Miller NL; Beissinger SR ,Integrating social and ecological data to model metapopulation dynamics in coupled human and natural systems,2019,Bird,Aves,Laterallus jamaicensis,Mediterranean Forests; Woodlands and Scrub,Sierra Nevada Mountains in California,USA,A;D,To describe a framework for modeling metapopulations in coupled human and natural systems that integrates ecological and social data by coupling stochastic patch occupancy models of metapopulation dynamics with agent-based models of land-use change,Author's,wetlands,NA,NA,NA,NA,NA,NA,NA,NA,1,3
128,Van Schmidt ND; Kovach T; Kilpatrick AM; Oviedo JL; Huntsinger L; Hruska T; Miller NL; Beissinger SR ,Integrating social and ecological data to model metapopulation dynamics in coupled human and natural systems,2019,Bird,Aves,Rallus limicola,Mediterranean Forests; Woodlands and Scrub,Sierra Nevada Mountains in California,USA,A;D,To describe a framework for modeling metapopulations in coupled human and natural systems that integrates ecological and social data by coupling stochastic patch occupancy models of metapopulation dynamics with agent-based models of land-use change,Author's,wetlands,NA,NA,NA,NA,NA,NA,NA,NA,1,3
129,Holmes CJ; Rapti Z; Pantel JH; Schulz KL; Cáceres CE ,Patch centrality affects metapopulation dynamics in small freshwater ponds,2020,Crustacean,Branchiopoda,Daphnia pulex,Temperate broadleaf and mixed forests,Svend O. Heiberg Memorial Forest,USA,A,To explore the effects of patch centrality and thus network connectivity on metapopulation dynamics through coupling of metapopulation theory with field occupancy  dynamics in Daphnia populations inhabiting seminatural freshwater ponds,Author's,ponds,38,NA,NA,NA,NA,NA,NA,NA,2,2;3
130,Johansson V; Kindvall O; Askling J; Franzen M,Extreme weather affects colonization-extinction dynamics and the persistence of a threatened butterfly,2020,Butterfly,Insecta,Euphydryas aurinia,Temperate broadleaf and mixed forests,Gotland,Sweden,C; D,To assess the effect of extreme droughts on colonization–extinction dynamics and future persistence of the threatened marsh fritillary,Author's,habitat areas separated by >33.3 m of open habitat without the host plant; or >10 m with forest barrier,256,5000,188.3,0.74,NA,47.1,NA,2,1,3
131,Opedal OH; Ovaskainen O; Saastamoinen M; Laine AL; Nouhuys S,Host-plant availability drives the spatiotemporal dynamics of interacting metapopulations across a fragmented landscape,2020,Wasp,Insecta,Cotesia melitaearum,Temperate broadleaf and mixed forests,Aland Islands,Finland,A,To assess the influence of interactions among the butterfly parasitoid and mildew on metacommunity dynamics,Author's,NA,NA,NA,NA,NA,NA,NA,NA,NA,1,3
132,Opedal OH; Ovaskainen O; Saastamoinen M; Laine AL; Nouhuys S,Host-plant availability drives the spatiotemporal dynamics of interacting metapopulations across a fragmented landscape,2020,Butterfly,Insecta,Melitaea cinxia,Temperate broadleaf and mixed forests,Aland Islands,Finland,A,To assess the influence of interactions among the butterfly parasitoid and mildew on metacommunity dynamics,Author's,NA,NA,NA,NA,NA,NA,NA,NA,NA,1,3
133,Opedal OH; Ovaskainen O; Saastamoinen M; Laine AL; Nouhuys S,Host-plant availability drives the spatiotemporal dynamics of interacting metapopulations across a fragmented landscape,2020,Fungi ,Leotiomycetes,Podosphaera plantaginis,Temperate broadleaf and mixed forests,Aland Islands,Finland,A,To assess the influence of interactions among the butterfly parasitoid and mildew on metacommunity dynamics,Author's,NA,NA,NA,NA,NA,NA,NA,NA,NA,1,3
134,Fabritius H; de Knegt H; Ovaskainen O,Effects of a mobile disturbance pattern on dynamic patch networks and metapopulation persistence,2021,Butterfly,Insecta,Melitaea diamina,Boreal forests/Taiga,West Coast of Finland,Finland,A;D,Tp present a model that allows the study on how a mobile disturbance pattern  affects patch network and metapopulation dynamics in realistic heterogeneous landscapes,IFM+,Valeriana sambucifolia meadows on moist and calcareous soils,459,3200,711.45,1.55,NA,9.46,ha,3,1,3
135,Rabasa SG; de Dios RS; Fuentes FJC; Couso MBP; Lozano FD,Conservation strategies for endangered arable plant Euphorbia gaditana,2022,Plant,Angiospermae,Euphorbia gaditana,Mediterranean Forests; Woodlands and Scrub,Écija; Sevilla,Spain,D,To compare the relative effectiveness of four conservation management scenarios and the effect of three threat scenarios on the risk of extinction of the species,IFM,known habitat distribution of the species,14,NA,86.16,6.15,1.49,30.2,ha,NA,1,1
